AALIYAN,
AAREON,
ABBEY,female
ABBIE,female
ADEY,female
ADREAN,female
ADRIAN,male
AERON,male
AAMARI,
ADALIA,female
ADDIE,female
ADDISON,male
ADEBOLA,female
ADGIE,
ADY,female
ABA,male
ADAMA,male
ADEEN,
ADONAI,
AFSAR,male
AIKO,female
AJALON,
AJAY,male
ABASI,
ABEY,male
ABIMBOLA,female
ADISON,male
AIMAR,male
ALEXSI,
ALI,male
ALIS,female
ABIODUN,male
ADELIN,male
ADRINE,female
ADYN,
AKAI,male
ALEE,female
ALEKSIS,
AMADIS,
AARYN,female
ABBA,male
ABERY,
ADDIS,male
ADISA,female
ADRIANN,female
AIDE,female
AIMONE,
ADDY,female
ADRYAN,female
AHMARI,
AILBHE,female
AINDREA,
AIREN,
AISOSA,male
AJA,female
ABRAR,female
ADE,male
ADEAN,
ADEN,male
ADRYN,
AIDY,female
AINSLEY,male
AIRES,female
AARYA,male
ABRAAR,
ADAIR,female
ADEDAYO,male
ADEL,male
AEON,male
AIDEEN,female
AIDYN,male
AARIAN,
ABEER,female
ADELL,female
ADETOLA,female
ADI,male
AIMAL,male
AINO,female
AIRYN,
ABY,female
ACHAN,male
ADEYINKA,female
ADRAINE,female
AERION,male
ALA,female
ALEKSI,male
ALIE,female
AMIYA,male
AMORI,
ANDRA,female
ANDREL,
ANIS,male
ANNIK,female
ANTIONA,
AQUILA,female
AAREN,
ABIEZER,
ADASON,
ADRIENN,female
ALBA,female
ALEXI,male
ALEXY,female
ABBY,female
ABISHAI,male
ADAR,female
ADEE,female
ADNA,female
AFTAB,male
AISA,female
ALDER,male
ABRIAN,male
ADIEL,male
ADIS,male
AFON,
AGNE,female
ALAA,male
ALELI,female
ALEX,male
AARIN,
ABIDEMI,female
ADLEY,
AIREON,
AKILI,female
ALEXS,male
ALLIE,female
AJENE,
ALDIE,male
ALDINE,female
ALEEN,female
ALEXIZ,female
ALIEN,female
ALMAR,male
ALTONIA,
ADDI,female
AFSHEEN,female
AIJALON,
AKIE,male
ALBY,female
ALIX,female
ALLEY,female
ALTHA,
ACELIN,
ADEOLA,female
ADRIANE,female
ADRIN,male
AIDAN,male
AIME,female
ALBEE,female
ALGIE,female
AGAPE,female
ALEXIS,male
ALFIE,male
ALGENE,male
ALIN,male
ALTAIR,male
AMARPREET,male
ADEBISI,female
ADN,
AFTON,female
AIVAN,male
ALBIE,male
ALESI,
ALEXE,female
ALLE,female
ARGUSTER,
ARGYLE,
ARIYA,male
ARIZONA,female
ARMONE,male
ARNELL,male
ASANTE,female
AIMAN,female
AIRON,
ALDENE,
ALDIS,male
ALIJA,male
ALLA,female
ALLAH,
ALLEX,male
ALMAS,female
ANOUSH,female
AQUARIUS,female
ARAMI,female
AREN,male
ARLEIGH,female
ARMEEN,
AARIS,female
ABRIEL,female
ABYAN,
ADIE,male
ADONIAH,
AGAM,male
ALIES,
ALULA,female
ABIR,female
ACY,
ADALI,male
ADRIEN,male
AIMEN,male
AIVEN,
AKI,male
AMAZIAH,
ALFA,male
ALFONSA,
ALGIA,
ALLYN,female
ALVERN,
AMAHRI,
AMANJOT,male
ASTRIT,male
ATHER,male
AUBRIE,female
AUDIE,male
AUGUSTA,female
AUGUSTINE,male
AUNDREA,female
ABIJAH,female
ABNEY,
AJAI,male
ALBANY,female
ALEXANDA,
ALEXANDR,male
AMAURIE,
AKIA,female
AKIDA,female
ALAYE,
ALEMA,male
ALONZIA,
AMEY,female
AMMAN,male
AMMER,male
AUSTIN,male
AYOMIPOSI,
AYREN,
AZAIA,
BAE,female
BAILEE,female
BARAKA,female
ALEXUS,female
ALTAF,male
AMADI,female
AMEL,female
AMOUR,
ANASHE,
ANDREA,female
ANDREAN,male
ARRIAN,
ASHAI,
ATHENS,female
AVIN,male
AVIYON,
AYDAN,female
AZIYAH,
BANAN,female
AINSLIE,female
AKIRA,male
ALIKA,female
ALVER,male
AMAZIN,
ANAEL,male
ANDRIA,female
ABELL,male
AIN,female
AKON,female
ALLISON,female
ALVA,female
AMARI,female
ANHAR,male
ANJUM,female
ALOYSE,female
AMARNI,
AMBI,male
AMORIE,female
AMORY,female
ANASTASIE,female
ANESTI,
AMARIN,
AMI,female
ANDREI,male
ANDRIAN,male
ANDRIEL,
ANIAS,
ANTONINE,
ALEXIUS,male
ALPHONSA,female
ALYRIC,
AMARIE,female
AMILLION,
AMOR,female
ANGELL,female
AMAND,female
AMANDEEP,male
AMARANTE,male
AME,female
AMEYA,female
AMIL,female
ANDIE,female
ARA,female
BARRI,female
BEE,female
BIRD,male
BRACY,
BRADLIE,
BRECKIN,male
BRECON,
BRELAND,
ALOISE,
AMARII,
ANAR,male
ANDI,male
ANTOINET,
APOORVA,female
ARATA,male
ARDA,male
AMBROSI,
AMERICUS,
AMNERIS,female
AMO,female
AMRIT,male
ANANI,male
ANGELIN,female
ANDRELL,
ANGELE,female
ANGLES,
ANNER,
ANTHONIQUE,female
ANTONIEN,
AOI,female
BENET,male
BERYLE,female
BEVAN,male
BLANEY,
BRANDYN,male
BRETT,male
BRITTIN,female
ANAN,male
ANDE,female
ANE,female
ANOOP,male
ARCADIE,
AREEN,female
ARIEZ,male
ARMAHNI,
ALVIA,
AMARIS,female
AMAURI,male
AMISADAI,female
ANANDA,female
ANDY,male
APURVA,female
ARBA,
AMANDO,male
AMUN,
ANDRI,male
ANGEL,male
ARBIE,
ARBOR,
ARDIE,male
ARIES,male
ALISAN,male
AMANTI,
AMILA,male
ANJEL,female
ARLANDA,
ARLI,
ARLIE,male
ARMISTICE,
ANESU,
ANGE,female
ANTONIQUE,female
ARDEN,female
AREYON,
ARIAS,male
ARIEL,male
AKRAM,male
ALEXIE,female
ALFREDA,female
ALVINE,male
AMAREE,
AMEN,male
ANSLEY,female
ANTWANA,
BRONTE,female
BUNNIE,female
BYNTLEE,
CAELAN,male
CAILAN,
CALLAWAY,
CALLYN,
AMRAN,male
ANDRE,male
ANICK,female
ANRI,female
ANSARA,
ANTONIE,female
APPIE,male
AREON,
BRINSLEY,male
BUNNY,female
CALISE,
CAMERON,male
CAMILL,male
CARIA,male
CARNELL,male
ALIYAN,
ALMO,male
ALPHA,male
ALTER,male
AMBRA,female
ANH,female
ARELI,female
ARLIN,female
ARIE,male
ARIEN,male
ARLYNN,
ARMANI,male
ASENCION,
ASPEN,female
AUBRA,
AUBREN,
ALEY,male
ALY,female
AMARRI,
AMINE,male
ANDREE,female
ANSHU,female
ARIYAN,male
ARNEZ,
CAMAREE,
CARLIE,female
CARMEL,female
CARRIE,female
CARROL,female
CARROLL,male
CASY,
ALYN,female
AMAL,female
AMOURI,
AMYRE,
ANDREAL,female
ANIK,female
ARCIE,
ARDY,male
ARDEL,
ARGUSTA,
ARIAN,male
ARIEON,
ARIS,male
ARLEY,male
ARMONI,male
ARSHAD,male
ANGELUS,male
ANS,female
ARKIE,
ARLIS,female
ARLISS,male
ARNEL,male
ARZELL,
ASHNEY,
ARLEE,female
ARMARNI,
ARRINGTON,female
ARSHA,
ARSHDEEP,female
ASANI,male
ASEEL,female
ARDINE,
ARTEMIS,female
ARVIS,female
ARZU,female
ASHETON,
ASHTEN,
ASONTE,
ARLY,male
ARMONEE,
ARTI,female
ARYN,female
ASHLEY,female
ASHLIN,female
ASHTYN,female
ASTER,female
ARIL,
ARRION,
ARYON,
ASHDON,
AUBREY,female
AUDRE,
AVE,female
AVON,female
ANMOL,male
ANOOSH,female
ANUSH,female
AQUILLA,
ARES,male
ARLICE,female
ARTIST,male
ARY,female
ARMANNI,
ARMARI,
ARMONY,female
ASA,female
ASANTI,
ASIL,male
ASTEN,
ASUNCION,female
APACHE,male
ARDELL,male
ASCENCION,
ASH,male
ASHBY,female
ASTIN,female
AUDRIS,
ARIN,female
ARMANIE,
ARMER,
ARNIE,male
ARREON,
ASHLON,
ASIAN,
ASIE,
AROOSH,
AROS,
ARRIE,male
ARSHIA,female
ARWYN,male
ARYA,male
ASHMEET,
ASSI,male
ARNI,female
ARTELL,
ASTYN,
AUBRY,female
AUNDRA,male
AVO,male
AVRIEL,female
AZAM,male
AMRY,
ANWAAR,female
ARIYON,
ARTEE,
ARVILLE,
ASHRAF,male
ASMIN,male
AUSTRALIA,
CARR,male
CARRIS,female
CHARLE,male
CHAYCE,male
CHEE,male
CHESNEY,female
CHRISSY,female
COLBEY,
ARLYN,female
ARYAN,male
ASHLY,female
ASHTON,male
AUBIN,male
AWEN,female
AYOKUNMI,
AZARYAH,
ARZO,male
ASHLIE,female
ATARI,
AUD,female
AUGIE,male
AUTRY,
AYRIAN,
AZARI,male
CHAD,male
CHASKA,
CHEA,male
CIREE,
CLARIS,female
CLEMENCE,female
CLESTER,
CORDELLE,
ARYIAN,
ASE,female
ASHE,female
ASON,male
ASRIEL,female
ATTA,male
AUGUST,male
AUREL,female
ANUOLUWA,
ARDIS,female
ARNY,female
ARREN,female
ARROW,female
AUBRAY,
AUDRY,female
AVANTI,female
AYAAN,female
AYOMIKUN,
AYUMU,
AZERIAH,
BALJINDER,male
BAS,male
BELA,female
ASTOR,female
ATLAS,male
ATLEY,
AVIV,male
AVREY,
AYAN,male
AYO,male
BAILLIE,female
ATREYA,
AVRY,
AYNSLEY,female
AYOMIDE,female
BABY,male
BALEY,female
BAPTISTE,male
ARNEY,male
ARTIE,male
ATHANASIE,
AVNEET,female
AVNI,female
AYODELE,male
BENDE,female
ASHANTE,
ASHANTI,female
ASLEY,female
AUBYN,
AUGUSTE,male
AUSTINE,female
AVERY,female
AREL,female
ARTICE,
ARVIE,female
ASHDEN,
ASHTIN,
AUTREY,male
AVEREY,
AZAR,female
AUDY,male
AUTIE,
AVNISH,male
AYOOLUWA,male
AZRIEL,male
BARAKAT,female
BARBER,
AUBERY,female
AUBURN,female
AVERILL,
AVIAN,female
BAILIE,female
BALDEEP,male
BAT,male
AVAN,female
AYRION,
AZIAH,female
BAH,female
BALA,male
BENNETTE,
BEV,female
BIBIAN,female
ASHAY,male
ASHDYN,
ASHTAN,
AVANTE,
AZARIAH,male
AZEL,female
BEAU,male
BELL,female
AMERY,female
AMEZ,
ANEL,female
ANER,male
ANG,female
ANNAS,male
ANTONIA,female
ARDEAN,
ATLEE,
AURELLE,
AUSTYN,male
AVEN,
AVESTA,female
AVIAD,male
AZARYA,
BAILY,female
AVELIN,
AVORY,female
AVYN,female
AYMAR,male
AZA,female
AZARIA,female
AZRIAH,
BARRIE,male
CORI,female
CORLEY,
CORREN,
DAFFY,male
DAMARIE,female
DANNE,male
DAREEN,female
DAVAE,
COLBI,female
CORTNEY,female
DALI,male
DANNY,male
DARLY,female
DARREIN,
DAWN,female
DAWSYN,
BEBE,female
BERKELEY,
BERKLEY,female
BERNETT,
BERT,male
BILLYJO,
BLAKELEY,
AVERIL,female
BAYLEY,female
BAYLIN,
BENTURA,
BERDELL,
BERLYN,female
BERNI,female
AYOOLA,male
BAILYN,
BALJIT,female
BAR,female
BARAA,male
BAXLEY,
BENI,male
BEREN,male
BEDA,female
BIANCO,male
BILL,male
BINKY,female
BLAYNE,male
BONNE,female
BOSE,female
BOSTYN,
AZIZI,female
BABE,female
BANDY,male
BECK,female
BENTLEE,
BEVON,female
BONA,female
BOND,male
BAJAN,female
BATISTA,male
BEMNET,male
BERTHAL,
BERTI,female
BILLE,female
BRINLEY,female
BERGEN,female
BEVELY,
BONI,male
BREAUN,
BRENTLEE,
BRIANTE,
BRILEY,female
BENNY,male
BIJAN,male
BLAIR,male
BRALEN,
BRITTANY,female
BRODI,
BRONNIE,female
BAYE,male
BEKA,female
BERNARDAS,
BERNELL,
BEVERLEY,female
BEVIS,
BHAVYA,female
BARRY,male
BEATTY,male
BERIL,female
BESSI,male
BOBI,male
BONG,male
BREES,
BRIN,female
BAILI,
BARKLEY,
BEVA,
BEVIN,male
BHAVAN,male
BLYTHE,female
BOE,female
BRAE,female
AZEEZ,male
AZI,female
BARNELL,
BENNIE,male
BLAYR,female
BLAZE,male
BODEN,
BOWE,
BECKETT,
BIVIAN,
BLUE,male
BLYTH,male
BRADIE,female
BRENIN,
BRESLIN,female
BAO,male
BELVIE,female
BERRY,male
BERTICE,
BEVERLY,female
BEXLEY,female
BLESSINGS,
BARIN,male
BEAUX,
BERA,male
BERNIS,
BLISS,female
BRACKEN,female
BREYAN,
BROOKES,female
BETHEA,
BRALYN,
BRANNIGAN,male
BRECKEN,female
BRETTE,female
BRIDGE,female
BRITT,female
AYOBAMI,male
BAI,female
BAILEY,female
BATTISTA,male
BAYAN,female
BERYL,female
BLAISE,male
BOW,female
BRINDLEY,
BROWNIE,female
CAILEN,male
CAMDYN,
CARLES,male
CASHLIN,
AVION,
AVY,male
AZAYAH,
BARA,female
BOBBY,male
BOOTS,female
BRECK,male
CAGNEY,male
BLAIKE,male
BLAIRE,female
BOLUWATIFE,female
BRAN,male
BRAXTYN,
BRAYDEE,
BRAYLIN,
DAYLN,
DELMA,female
DEMITRICE,
DENBY,female
DEONE,
DEYLIN,
DIDO,female
ABIOLA,female
AIDYNN,
ALDEAN,
ALESSI,female
ALII,female
ALIJHA,
ALMER,male
AMANPREET,female
BROOKLIN,male
CAIRN,male
CALLE,male
CAMEO,female
CAMERYN,female
CANAN,female
CAR,male
BERNIE,male
BERNY,male
BRADLEIGH,
BRADYNN,
BREION,female
BRYN,male
BUFF,
BRAYLYN,
BRAZIL,
BRENDELL,
BREONTE,
BREYLIN,female
BRIGHTEN,male
BRITAIN,
AALIJAH,
AARNI,
ABIAH,
ABIE,male
AILEAN,
AILIN,female
ALDYN,
ALEKSA,male
BRYE,female
BURNETT,male
CAMERAN,
CAMMY,female
CARLIS,female
CARMEN,female
CARSEN,female
BLAYKE,female
BRAND,male
BRIONE,female
BROOKLYN,female
BRYAR,male
BUENAVENTURA,male
CAMILE,female
BERNICE,female
BERTHEL,
BILLI,male
BILLY,male
BING,female
BLAKELEE,
BLAKELY,
BRESHAWN,
BRINKLEY,
BRITTAIN,
BRON,
BROOK,
BRYLEY,
BRYLIN,
CALY,
CAMRY,
CAMRY,
CARLEE,
